{"val_loss": [2.3570022142445497, 2.3594809755699466, 2.36128963604846, 2.35670964530399, 2.358423679479435, 2.3551207941810497, 2.3573054765394086, 2.3581683070555157, 2.3570793875214426, 2.358104457357767], "val_acc": [0.24692667772456373, 0.24692667772456373, 0.24692667772456373, 0.24692667772456373, 0.24692667772456373, 0.24692667772456373, 0.24692667772456373, 0.24692667772456373, 0.24692667772456373, 0.24692667772456373], "loss": [2.3948261599149228, 2.3572956371304308, 2.354509881810574, 2.353024123135636, 2.3514001144195302, 2.349931817368226, 2.349030373758478, 2.3473217133820246, 2.3459522750779214, 2.3442381842680544], "acc": [0.24450015624852708, 0.24621961177023752, 0.2462678210373626, 0.2462678209530738, 0.24626782094565064, 0.24626782111542556, 0.24626782103999664, 0.24625175125627183, 0.2462678209032668, 0.246251751244299]}