{"val_loss": [2.2239169680680866, 1.624935077177273, 1.485007707243835, 1.3977566140887536, 1.239478389437424, 1.1274395996628999, 1.037839218068248, 0.9821475325236237, 0.9506291908554175, 0.9168114381919674], "val_acc": [0.27580388946415507, 0.4943836578199628, 0.5278889391157682, 0.5529094275631463, 0.6142795292740243, 0.6575230309026816, 0.6838933722967008, 0.7000916074121469, 0.7087210251999609, 0.7199055205940631], "loss": [2.347515784553733, 1.8998904491747095, 1.5351187362681473, 1.4442650576475649, 1.3214971516087106, 1.1617717805906655, 1.0377051970556002, 0.9638747397616441, 0.9033582140456536, 0.8482683346056923], "acc": [0.25096016701542967, 0.4017580301977541, 0.5111121938005395, 0.5396358730938435, 0.5839078372837686, 0.6390107629074228, 0.6790724697405979, 0.7016342978616631, 0.720901841646365, 0.7376303763381848]}