{"val_loss": [1.8185117006796119, 1.4988665460178192, 1.3025481486190613, 1.0723835767013716, 1.0090748550708777, 0.9724107234714657, 0.9176336456757758, 0.9050259141756369, 0.8859044879255383, 0.894020061216376, 0.8490962046722733, 0.8529959156005125, 0.841850291336493, 0.8317302534488624, 0.8348755453627618], "val_acc": [0.4336884816722298, 0.5268765482977007, 0.5992383097364399, 0.6700573804431037, 0.6882803950539402, 0.6999951907571541, 0.7161452173870624, 0.7196162674251521, 0.7264619502141725, 0.7215928376447969, 0.7366822655242451, 0.7338379334559788, 0.74005689841885, 0.7422263043622056, 0.7422263044196753], "loss": [2.1296012607724437, 1.5695684987745566, 1.3451844018402441, 1.1146541582553218, 0.9877575457399731, 0.9216842993177493, 0.8736132695837765, 0.8351791503008773, 0.8022719468707648, 0.7717285253503011, 0.7443853920872586, 0.716470373376255, 0.6898704567773972, 0.6613446615038784, 0.6317628284100003], "acc": [0.32536277850026435, 0.502868448053521, 0.576660411794534, 0.6555786008179991, 0.6938887128256562, 0.7134776501010079, 0.7288081234109348, 0.7388516722290736, 0.747465019745868, 0.7572675236464447, 0.7643863908845583, 0.7724855091247335, 0.7807774629449451, 0.7905156883710446, 0.798421970853985]}