{"val_loss": [2.3643594611687018, 2.3618198118208458, 2.363296008711179, 2.3630291860577044, 2.360719030149267, 2.359493338785308, 2.3619397675606586, 2.3611239154353894, 2.3602529118733804, 2.3606537563881385, 2.3612549400706593, 2.3601790645029084, 2.35960393168511, 2.3592980050744106, 2.3612147764650886, 2.3608527192038222, 2.359638832300831, 2.359177747343095, 2.3595333421655016, 2.36072177812942, 2.360363377041144, 2.3598790725298273, 2.358949102672898, 2.3597000662445913, 2.3618212241259364, 2.362117483813226, 2.36188593904072, 2.360398584234446, 2.3594731387789523, 2.3601019259032006, 2.360596611225886, 2.3597208447978875, 2.3601590260092493, 2.3596889667867758, 2.359838684470802, 2.3606415620071073, 2.3610746506491123, 2.360501409099939, 2.3598336484515783, 2.36224731474645, 2.3595932012973697, 2.361148527237153, 2.3631544023966287, 2.36216277572278, 2.360762647692139, 2.361059105948554, 2.3611179048114037, 2.3617482598685475, 2.3618825142750115, 2.360435910057793, 2.3631291938070587, 2.3615240675673297, 2.3632383102656433, 2.3668392011102424, 2.3660628186790333, 2.363019953305987, 2.362993022006267, 2.3644773316223597, 2.3690316809158753, 2.3639344291735744, 2.366276586365517, 2.3627519988912526, 2.3652928921179033, 2.3653645836582284, 2.3656426851782637, 2.36475329540944, 2.36739385283764, 2.366824327120698, 2.3696112378850565, 2.3683941113835605, 2.3680787784857973, 2.3700642274383843, 2.368838337137494, 2.3695545444399793, 2.3725181750826403, 2.370479019905524, 2.372379297921187, 2.3702209885104417, 2.370645695348051, 2.375303794854587], "val_acc": [0.2412380118747172, 0.2412380118747172, 0.2412380118747172, 0.2412380118747172, 0.2412380118747172, 0.2412380118747172, 0.2412380118747172, 0.2412380118747172, 0.2412380118747172, 0.2412380118747172, 0.2412380118747172, 0.2412380118747172, 0.2412380118747172, 0.2412380118747172, 0.2412380118747172, 0.2412380118747172, 0.2412380118747172, 0.2412380118747172, 0.2412380118747172, 0.2412380118747172, 0.2412380118747172, 0.2412380118747172, 0.2412380118747172, 0.2412380118747172, 0.2412380118747172, 0.2412380118747172, 0.2412380118747172, 0.2412380118747172, 0.2412380118747172, 0.2412380118747172, 0.2412380118747172, 0.2412380118747172, 0.2412380118747172, 0.2412380118747172, 0.2412380118747172, 0.2412380118747172, 0.2412380118747172, 0.2412380118747172, 0.2412380118747172, 0.2412380118747172, 0.2412380118747172, 0.2412380118747172, 0.2412380118747172, 0.2412380118747172, 0.2412380118747172, 0.2412380118747172, 0.2412380118747172, 0.2412380118747172, 0.2412380118747172, 0.2412380118747172, 0.2412380118747172, 0.2412380118747172, 0.2412380118747172, 0.2412380118747172, 0.2412380118747172, 0.2412380118747172, 0.2412380118747172, 0.2412380118747172, 0.2412380118747172, 0.2412380118747172, 0.2412380118603498, 0.2412380118747172, 0.2412380118747172, 0.2412380118747172, 0.2412380118747172, 0.24128622090621676, 0.2412380118747172, 0.24118980284321764, 0.24128622092058416, 0.2412380118747172, 0.24017741310629798, 0.24114159382967734, 0.24118980282885022, 0.24075592151302752, 0.2362242721138629, 0.2411898028539932, 0.24114159379735067, 0.2410451757379434, 0.2404184582637958, 0.240852339615537], "loss": [2.395664771712076, 2.358395880893773, 2.357138005420035, 2.3566186222711862, 2.3559623922945616, 2.3555897925521454, 2.3550930200966134, 2.355074831531747, 2.3548407186629157, 2.354870942479191, 2.3546991729941684, 2.3544882356150234, 2.3543055025112753, 2.3544453198876543, 2.3539202670822372, 2.354152446070615, 2.354100386853385, 2.3537015473511786, 2.353848691552058, 2.353781166520939, 2.35361839837652, 2.3536211247557484, 2.3534759338140874, 2.3533854015414217, 2.3532188587637446, 2.3532019093364265, 2.3531305712861554, 2.3529741819737535, 2.352974746168607, 2.3525622398938473, 2.352747001135933, 2.3528793337842084, 2.3525285049732965, 2.3526434245559584, 2.3521017029781626, 2.3522816240192697, 2.351881355729678, 2.3519971483088495, 2.3517856571464355, 2.3514041641140153, 2.3514506745908155, 2.3511636673826573, 2.3510506599837413, 2.350956865833505, 2.3508180450804255, 2.3504590746671723, 2.3503457549437106, 2.3501193990022204, 2.3501152071814664, 2.3498479534558294, 2.349357784741694, 2.34922605998053, 2.349063740198975, 2.3489015221846716, 2.3486658649378374, 2.3480523070670842, 2.3479456554242057, 2.347507605281953, 2.3475412680761805, 2.3469558526645558, 2.346595675503647, 2.3460150211247304, 2.3459787726810317, 2.345404135343545, 2.3450011426938255, 2.3448394466035345, 2.3438428461424277, 2.343035721422941, 2.342821553402894, 2.3421132081952893, 2.341928117307306, 2.3409198958206834, 2.3400799387223015, 2.3392610799191775, 2.3384454944569035, 2.337742974215673, 2.336736621423598, 2.3356969021144005, 2.3347170675723645, 2.333606519717717], "acc": [0.24565717308712912, 0.24618747263620477, 0.24618747241805958, 0.24618747247552922, 0.2461874725966944, 0.24618747254736628, 0.24618747260244137, 0.2461874726110618, 0.2461874725142015, 0.24618747256221263, 0.24618747237926758, 0.2461874726455436, 0.24618747266146748, 0.24618747267188387, 0.24618747263021837, 0.2461874724551754, 0.24618747261597068, 0.24618747241710176, 0.24618747252701245, 0.2461874725318016, 0.24618747251312395, 0.24618747238261995, 0.24618747256448745, 0.24618747250342596, 0.24618747266470015, 0.24618747247720543, 0.24618747248151565, 0.2461874723979452, 0.24618747259681414, 0.24618747261920335, 0.24618747267224306, 0.24618747262638704, 0.24618747254640846, 0.2461874723929166, 0.24618747246355638, 0.24618747262638704, 0.2461874725234206, 0.24618747265751645, 0.24618747262782378, 0.2461874726050754, 0.24618747254137988, 0.24618747249253067, 0.24618747244583658, 0.24618747259286308, 0.24618747267092603, 0.24618747249253067, 0.24618747273091, 0.24618747258232698, 0.24618747252701245, 0.24618747244368147, 0.24618747263596533, 0.24618747253467507, 0.24618747250785591, 0.2461874727461155, 0.24618747263955718, 0.24618747243266645, 0.24617140271610927, 0.24620354237898248, 0.24618747249660144, 0.24617140287403108, 0.2462035423087019, 0.24626782116307747, 0.24618747253659073, 0.2461874725511976, 0.24620354231468833, 0.24623568160556528, 0.24623568157683046, 0.24641244822560868, 0.24623568158509174, 0.2463320998290005, 0.24644458754845314, 0.24644458730097446, 0.2463803087624425, 0.2467659808718424, 0.24663742351090231, 0.24699095632224155, 0.24674991130829815, 0.24655707511644928, 0.24684632957363833, 0.24679812023299996]}