{"loss": [2.157483739255365, 2.157058739533453, 2.156434323328137, 2.149085057510402, 2.148908886070369, 2.15090759808679, 2.145128393383533, 2.154069251479446, 2.1460774979268655, 2.142074498917482, 2.1415215596950286, 2.144011159882201, 2.1412986583035174, 2.136528719524253, 2.130953118169635, 2.1312177563450683, 2.132880705814526, 2.13358519681852, 2.1388920720993947, 2.126411735615009, 2.1335320772292015, 2.123508151482475, 2.1193856245003873, 2.122543451318138, 2.113695913391958, 2.109312755027293, 2.1072575808935206, 2.1081116157487823, 2.1059477442169308, 2.114696597160767, 2.1063916017715894, 2.098298592713094, 2.1081305151867893, 2.101288526652673, 2.0971727465991763, 2.0927898511956164, 2.1088389388618802, 2.0991076428752775, 2.0957859920401125, 2.096014195927327, 2.0943024793350187, 2.0864925982157745, 2.092630285564031, 2.0954459567511017, 2.099898315051028, 2.0907367007772537, 2.0880355148927143, 2.087336200432787, 2.081327737279888, 2.0839582567859627, 2.0821104430414517, 2.0719312491124406, 2.0707346423766064, 2.068693488229094, 2.0738822011287494, 2.0748320807814715, 2.0663232613907767, 2.0626366414338997, 2.063397695690449, 2.0684953151800247, 2.068777964966211, 2.0647387412598235, 2.0696700716840017, 2.0649106720031107, 2.0531085986708435, 2.0949234018209193, 2.067050005278816, 2.069236384656943, 2.064214423589025, 2.059738755992311, 2.058625606410921, 2.0534393303314173, 2.0580287269059885, 2.177661737852702, 2.2882549842867816, 2.2501332115982207, 2.2320003878837364, 2.2249358682623557, 2.2225143637098013, 2.2176916560486033, 2.19912529343757, 2.2162578612636867, 2.213677105104351, 2.2114725996066706, 2.2279616417921755, 2.2200698037155644, 2.205537869567636, 2.2180788046068347, 2.211281235950589, 2.2092319188628866, 2.2123712305755556, 2.2062831585335543, 2.2440215332916154, 2.2155421341539725, 2.20796696804653, 2.2060278527373036, 2.2112983063201423, 2.2195003601876313, 2.2032641482269697, 2.2083133227342167], "acc": [0.3211324545458745, 0.3185776633473434, 0.32047367185901093, 0.32355870288821925, 0.32245001964282083, 0.3237675854043049, 0.3250530146255594, 0.3224660878159066, 0.3251654898118221, 0.3274953309788958, 0.32786489219992376, 0.32614563014464826, 0.3252618974130389, 0.3272703810602099, 0.3309017195907375, 0.32956808639935814, 0.32924672884186496, 0.3305642945032673, 0.3275596026713795, 0.33276559271790374, 0.32947167931339455, 0.33425990462069, 0.33477407625864813, 0.3328137963109264, 0.33649333849241864, 0.3361237776251484, 0.33973904831827095, 0.33634872759124146, 0.33936948712932663, 0.33756988584344977, 0.3389035191143198, 0.34149044617022634, 0.33756988587373765, 0.3398354555962574, 0.3418118035194155, 0.3437560157780591, 0.3388553154592848, 0.3420206856870109, 0.3427598078208008, 0.340012202223722, 0.34279194373504074, 0.3452985312088628, 0.34372388024307615, 0.3429847578690183, 0.33957836957693527, 0.34399703382912766, 0.34629473906520136, 0.3446558164142336, 0.3474837614445911, 0.34664823244331744, 0.34645541803315744, 0.3490744806262018, 0.35063306398371785, 0.35084194645790323, 0.3490102092769409, 0.349235159762956, 0.3517096109800335, 0.35100262478275057, 0.3520952405091858, 0.35148466130472816, 0.34955651679753424, 0.35180601857610255, 0.34957258466869884, 0.35212737610318817, 0.3544732851858408, 0.3405906452339264, 0.34888166621173206, 0.35087408226392086, 0.35090621808454375, 0.35362168792899773, 0.35310751616450087, 0.3528022266625333, 0.3519024258130267, 0.3072176791662418, 0.2641557867866405, 0.27803842679182805, 0.28425669262978326, 0.2870042983573513, 0.2907802478259283, 0.29454012955251313, 0.29878204725972446, 0.2894144789050292, 0.28994471887206175, 0.2911658767509988, 0.2890127823631884, 0.291230148219855, 0.2968860385483724, 0.29139082684578543, 0.29486148698598164, 0.2958094911611874, 0.2922745598928438, 0.29229062788037136, 0.28215180156527764, 0.28992865082431757, 0.29208174546352944, 0.2924513062762097, 0.29198533812568556, 0.2882736602794393, 0.2913747590998427, 0.28984831157875185]}