{"val_loss": [2.354352972313574, 2.351960096054434, 2.352363791695868], "val_acc": [0.24692667772456373, 0.24692667772456373, 0.24692667772456373], "loss": [2.3543350099454083, 2.3541675163209215, 2.3538899483184417], "acc": [0.24628389067501877, 0.24617140301171878, 0.2462678209934223]}