{"val_loss": [0.91225032120956, 0.9020808789020092, 0.9226248074116946, 0.9051642748214513, 0.8976102332217607, 0.9001488573657037, 0.9230084278162504, 0.928518150384117, 0.9523552401813047, 0.9343681370907991, 0.9957688142833453, 1.0343158576427922, 1.0358599321922537, 1.0682783217489424, 1.111647105887076, 1.1978175472381036, 1.2039319419449357, 1.2874009784878389, 1.3507479422923334, 1.4269572063351657, 1.5907825686769201, 1.6395236523874481, 1.8116385436751128, 1.8213389913882814, 1.893417689486823, 2.043729841102832, 2.0385564369342255, 2.2791685602769887, 2.2654647984442864, 2.348005221888063, 2.4141829393296543, 2.4607625514569156, 2.524204745740007, 2.658118343471659, 2.7725411978222185, 2.999834212653175, 2.7145200164535437, 2.768734713181841, 2.856927544902952, 2.873905256296465, 2.941255752257462, 3.01474343801093, 3.0212468084199147, 3.07271721521339, 3.0978731745631776, 3.130420030304133, 3.1369457202805267, 3.1778414781244284, 3.1937390691213494, 3.229596730305662], "val_acc": [0.7207250487595798, 0.724244308073415, 0.72178564526585, 0.7245817717795304, 0.7271850570667815, 0.732295217540704, 0.7259316227219175, 0.7200019118417248, 0.7189413159618737, 0.7283420760353523, 0.7248710257012939, 0.7190377318668876, 0.7255941616019362, 0.7278117765049543, 0.7261244603995962, 0.718748478278448, 0.7207250483831537, 0.7181699698487306, 0.7189895226457382, 0.7200019124940052, 0.7107457789575697, 0.716241608312894, 0.6942100814348223, 0.7036108412726753, 0.7144578737135144, 0.6947403811548701, 0.7096369714313502, 0.6844718551380577, 0.7083353281009624, 0.7043339760986351, 0.7106011514263018, 0.70669621947255, 0.7059730842155678, 0.6979221766907528, 0.693872617783303, 0.6863520074671123, 0.7082871166011415, 0.711902794604395, 0.7097333891897601, 0.7145542919144408, 0.7128669765274532, 0.7112760769621487, 0.7134936945260114, 0.7164826528870748, 0.7144096661676053, 0.7122884683793371, 0.7152292182519892, 0.71325264807832, 0.7145060842191104, 0.7131562296705031], "loss": [0.7905636354731322, 0.7630082611545029, 0.7339711066715997, 0.7082357444297143, 0.6796784747443602, 0.6509655266083079, 0.6217339797620631, 0.5920978257176571, 0.559502929412684, 0.5282992786502472, 0.49436382138694995, 0.46227530977543574, 0.4299798463989284, 0.39722239171434826, 0.363642256848053, 0.3318925989938209, 0.3037474011604641, 0.27363910406236946, 0.24550813416250128, 0.21707422677993546, 0.1975777117649603, 0.17282746568087273, 0.15688443516157297, 0.13925193725537086, 0.12207088121120453, 0.11144221010826613, 0.09288382171444659, 0.08226570925014447, 0.07294462970796578, 0.07191560996673335, 0.07206840349366418, 0.06441260340444219, 0.06259567764247058, 0.06423832429554233, 0.06250449180022105, 0.058320076628439306, 0.053326215570344754, 0.042383874133288674, 0.027962632187405977, 0.01562909696811902, 0.007517127866022146, 0.005039556638864881, 0.004323811936734958, 0.0040382137282247, 0.003639725330157899, 0.0036710706983505187, 0.0030151876671880603, 0.0034105706679367106, 0.003192414380985768, 0.003006529731365669], "acc": [0.7536839559997769, 0.7623294422004252, 0.7714730877007264, 0.7798935983386702, 0.7872535102702143, 0.796879247262681, 0.8047373187726056, 0.8151022598467547, 0.8240852094249835, 0.8327789043669097, 0.8449115118526934, 0.853621277299349, 0.8638898008555027, 0.8752992731283642, 0.8854713797814479, 0.8947596539786931, 0.9042889731935932, 0.9129344607553144, 0.9219174103335432, 0.9301129470054811, 0.9368782817486977, 0.9446077980998473, 0.948127056794926, 0.9551977154426196, 0.960613196734899, 0.9636664356637716, 0.9707210234714961, 0.974192076195334, 0.9765543193805568, 0.9770203402683788, 0.9769721312799815, 0.9789165622746001, 0.9795111404207549, 0.9786594479849395, 0.9796396989961005, 0.9812788048889577, 0.981632339358416, 0.986163990637317, 0.9915151983347711, 0.9963039674032341, 0.9989876082264997, 0.9995018391122692, 0.9994857694015787, 0.999453629884415, 0.9996464663648095, 0.9995179086792856, 0.9996625360754999, 0.999533978389976, 0.9996143269913198, 0.9996464663648095]}