{"val_loss": [0.046711648537583, 0.04616214524919896, 0.046152832178082075], "val_acc": [0.24692667772456373, 0.24692667772456373, 0.24692667772456373], "loss": [0.046286716511206576, 0.04617684214812039, 0.046171406470361886], "acc": [0.24515901319194705, 0.24625175131158636, 0.24609105454423139]}