{"val_loss": [2.3544851248251555, 2.3560129599292385, 2.35636586912606, 2.353717361772117, 2.3550149371020215, 2.352659878663879, 2.3549937341698617, 2.354973185472167, 2.353237743059993, 2.3547699417539443], "val_acc": [0.24692667772456373, 0.24692667772456373, 0.24692667772456373, 0.24692667772456373, 0.24692667772456373, 0.24692667772456373, 0.24692667772456373, 0.24692667772456373, 0.24692667772456373, 0.24692667772456373], "loss": [2.3886598832224637, 2.3574880467588506, 2.356102061498864, 2.3554698493866915, 2.3548838354727497, 2.354949145707948, 2.3541856858250214, 2.354338437672719, 2.353805333791149, 2.3532480534442253], "acc": [0.24601070596204416, 0.24626782106992876, 0.24626782096576502, 0.24626782092876895, 0.24626782106035047, 0.2462678208174215, 0.24626782102107955, 0.24626782103760209, 0.24626782094193905, 0.24626782086016455]}