{"val_loss": [1.4771127788964102, 1.248748056673529, 1.1032724321816654, 1.0140245272155461, 0.9783477155936291, 0.9317104341292091, 0.9221798661218593, 0.9072515156973306, 0.8913842879186537, 0.8699987015191208, 0.8663166053433321, 0.8492398483289252, 0.8424279899123804, 0.8380695549957158, 0.8439894988159489], "val_acc": [0.531022524739429, 0.6120619130635718, 0.6605119918613731, 0.6875090506648865, 0.6979222030204718, 0.7106975965833662, 0.7153256646417775, 0.7177361147225446, 0.7210625381115254, 0.7314756898349445, 0.7319095715638303, 0.7385142093821293, 0.7405389884464973, 0.7417924232080163, 0.7410692877498903], "loss": [1.4893541055147934, 1.299718767212512, 1.123614824709561, 1.0124715676196225, 0.9424722227323968, 0.8986370534101777, 0.8598005386628639, 0.8286146113792415, 0.8007686692984208, 0.7738906199011932, 0.7469992305833268, 0.7191116256038714, 0.6928764825428229, 0.6644234828106547, 0.6341409990172926], "acc": [0.529431627096963, 0.5938549675408379, 0.6523325264230714, 0.6889231823992145, 0.7079336114881369, 0.720403681347698, 0.7327612642764578, 0.7418727718380949, 0.7489112910596184, 0.755998019054028, 0.7645631573477575, 0.7737550135921537, 0.7811952750780797, 0.791479869460793, 0.8004788890667532]}