{"val_loss": [0.04620858829787984, 0.0461592078411863, 0.0461942741557297, 0.0461601213880398, 0.0461553857612261, 0.04617506026440811, 0.04616233200040996, 0.04617306326025191, 0.046165865058150214, 0.04615441632514053, 0.046154353320268154, 0.046157738653896156, 0.04616751857143223, 0.04615278682429352, 0.04615634091484715, 0.04616255271743971, 0.04615976443472113, 0.04615261490528013, 0.04615784639511757, 0.04615811566160746, 0.04616046741117032, 0.04615241960186724, 0.046155836557629934, 0.04615421015475609, 0.04615637643863212, 0.046152366017168024, 0.046167159426364894, 0.0461631800209103, 0.04616153941926211, 0.04615379119563895, 0.04616154676909123, 0.04615728297436823, 0.046160992476317816, 0.046161847309485665, 0.046159065825785564, 0.046156218926900146, 0.04616617592476272, 0.046160369488278966, 0.04615943294710118, 0.04616138507069545, 0.04615606444992475, 0.04615949575909106, 0.04615982276838874, 0.046153329612182305, 0.04615872098563182, 0.046156966240284314, 0.0461542605078652, 0.046157281788517975, 0.046158782118071257, 0.04615310480959941], "val_acc": [0.24687846875412567, 0.24692667772456373, 0.24692667772456373, 0.24692667772456373, 0.24692667772456373, 0.24692667772456373, 0.24692667772456373, 0.24692667772456373, 0.24692667772456373, 0.24692667772456373, 0.24692667772456373, 0.24668563255269854, 0.24692667772456373, 0.24692667772456373, 0.24692667772456373, 0.24692667772456373, 0.24692667772456373, 0.24692667772456373, 0.24692667772456373, 0.24692667772456373, 0.24692667772456373, 0.24692667772456373, 0.24692667772456373, 0.24692667772456373, 0.24692667772456373, 0.24692667772456373, 0.24692667772456373, 0.24692667772456373, 0.24692667772456373, 0.24692667772456373, 0.24692667772456373, 0.24692667772456373, 0.24692667772456373, 0.24692667772456373, 0.24692667772456373, 0.24692667772456373, 0.24692667772456373, 0.24692667772456373, 0.24692667772456373, 0.24692667772456373, 0.24692667772456373, 0.24692667772456373, 0.24692667772456373, 0.24692667772456373, 0.24692667772456373, 0.24692667772456373, 0.24692667772456373, 0.24692667772456373, 0.24692667772456373, 0.24692667772456373], "loss": [0.046282810397212326, 0.04618149854751767, 0.04616902718559437, 0.04616485559750832, 0.04615703760483528, 0.04615756449332707, 0.04615737834973786, 0.04615655797477194, 0.04615547818786405, 0.04615479952281177, 0.0461550612116892, 0.0461547730959332, 0.046150183960867, 0.04615242213472221, 0.04615368300531618, 0.046152480006896576, 0.046157912715389965, 0.04615101643929985, 0.04614982896971774, 0.04614917260959344, 0.04614760336273835, 0.046148120661701104, 0.046150611243444876, 0.04615169456413744, 0.04616357803868658, 0.04614959675851906, 0.04614777077780757, 0.04614780724355598, 0.0461480749181965, 0.04614857235253619, 0.046148262225725656, 0.04614671442025722, 0.04614719071702115, 0.0461482867015097, 0.046149128109947514, 0.04614769243219106, 0.046146925431860816, 0.046147613284394054, 0.046146348590212743, 0.046146978767884074, 0.04614831479003931, 0.04614590633858765, 0.04614724139914399, 0.04614679172495475, 0.04614648453011393, 0.046146195482930606, 0.04614654536395065, 0.04614669880928602, 0.046147859492504946, 0.04614505565933789], "acc": [0.24543219770293978, 0.2461714027186236, 0.24620354228200245, 0.24620354229421476, 0.24626782088411023, 0.24626782080425136, 0.24626782079910303, 0.2462678209858794, 0.24625175138929012, 0.24626782085800944, 0.24626782093439617, 0.2462678209918658, 0.2462678209395445, 0.24628389065634113, 0.24626782109124043, 0.246267820982527, 0.24628389057241148, 0.246299960284419, 0.24629996030824494, 0.24628389063826214, 0.2462678208065262, 0.24629996027112913, 0.24628389063670567, 0.24626782097031472, 0.2462678209214655, 0.24626782087237684, 0.24626782117864218, 0.24626782093475535, 0.24626782078509482, 0.24626782108046485, 0.24626782084459986, 0.24626782097989297, 0.24626782101940337, 0.24626782109291662, 0.24626782101940337, 0.246267821076873, 0.24626782085812915, 0.24626782085776996, 0.24626782105448378, 0.24626782089249122, 0.24626782113458212, 0.24626782075025386, 0.24626782099940872, 0.24626782106992876, 0.24626782097749841, 0.24626782094397445, 0.24626782097151198, 0.2462678209837243, 0.24626782101221964, 0.246267821105967]}