{"val_loss": [2.3644302326027318, 2.353852109417577, 2.354443762977437, 2.3525751273473317, 2.35349021815164, 2.3524504837509133, 2.3526006906395653, 2.3524318311263066, 2.352356942532257, 2.352875854196288, 2.3520696639600867, 2.3529979765992763, 2.3535449650020626, 2.3544409328041946, 2.3531191061106607, 2.3541209209346325, 2.353859545748575, 2.353634008554163, 2.354344638685984, 2.353054297681267, 2.3560259608507947, 2.3543514674938457, 2.3533493602872957, 2.359207860426854, 2.355679208055467, 2.3553116680978894, 2.359179796917611, 2.358372716361633, 2.361697128410654, 2.3556877547230397, 2.3630217392097608, 2.3600385642376973, 2.3647175078876383, 2.360773981821512, 2.3659901922052438, 2.3666564902051035, 2.3615364389548748, 2.367833609498927, 2.363135240315092, 2.358254770450328, 2.361852501993014, 2.373090137058621, 2.3659028546396255, 2.3675284892103683, 2.35438142489233, 2.3598536711180964, 2.3597663114726393, 2.3747634047259187, 2.3701305013437866, 2.3655570384041527], "val_acc": [0.24692667772456373, 0.24692667772456373, 0.24692667772456373, 0.24692667772456373, 0.2468302596615646, 0.24692667772456373, 0.24692667772456373, 0.24692667772456373, 0.24692667772456373, 0.24692667772456373, 0.24692667772456373, 0.24692667772456373, 0.24692667772456373, 0.24692667772456373, 0.24692667772456373, 0.24692667772456373, 0.24702309579474657, 0.24692667772456373, 0.24692667772456373, 0.24692667772456373, 0.24692667772456373, 0.24692667772456373, 0.24692667772456373, 0.24692667772456373, 0.24692667772456373, 0.24692667772456373, 0.24692667772456373, 0.246733841537504, 0.24678205064443248, 0.24692667772456373, 0.24692667772456373, 0.24668563254551482, 0.24692667772456373, 0.24692667772456373, 0.24673384159497364, 0.24692667772456373, 0.24687846867869676, 0.24678205061210579, 0.24692667772456373, 0.24692667772456373, 0.24692667772456373, 0.2467820506408406, 0.2467338415913818, 0.24683025969029945, 0.24687846867869676, 0.24692667772456373, 0.24678205063006506, 0.24687846867869676, 0.24687846867869676, 0.24687846867869676], "loss": [2.3686742152189053, 2.356497257628486, 2.3550949253686766, 2.35465701412673, 2.354330488850394, 2.3537924451959342, 2.3536669834501214, 2.353722653462308, 2.3533677916231093, 2.353209635931288, 2.353237333469985, 2.353125992131472, 2.3529250767232175, 2.352691195518366, 2.352956085831574, 2.352429657700869, 2.352250380871521, 2.3519189808606953, 2.352060374516478, 2.3515734701990003, 2.3516035859742543, 2.3512733540052766, 2.35137031674069, 2.3509865211370404, 2.351071322923432, 2.3513921666469835, 2.35071388638273, 2.3506773353690007, 2.350641821441034, 2.350897947498921, 2.3507886266859326, 2.352835814495277, 2.350254523932084, 2.3499430088847544, 2.3501326726440728, 2.3497269543028456, 2.34940665262343, 2.349738306360834, 2.349654624167462, 2.3493556597325194, 2.349190698075106, 2.3489654828716344, 2.3489682907696414, 2.349243976955337, 2.3494644627861287, 2.349578337643396, 2.348860041221531, 2.3484296468791968, 2.3487810925386525, 2.3482061556004], "acc": [0.24578573051427902, 0.24626782092517707, 0.24626782092840976, 0.24626782095666566, 0.24626782094517174, 0.24626782109387443, 0.24628389079857851, 0.2462838908258766, 0.24628389064053696, 0.24626782072882245, 0.24626782104981437, 0.2462517512763862, 0.24626782090470353, 0.24626782095115815, 0.246267820878483, 0.2462678210364048, 0.24628389054834607, 0.24633209972806944, 0.24631602994578136, 0.24633209974674708, 0.2462838906022239, 0.24626782115254137, 0.24618747260148355, 0.24629996050711386, 0.24629996014266053, 0.24628389059875175, 0.24621961203723192, 0.24629996031075924, 0.2462999603476356, 0.24625175135660426, 0.24623568152019892, 0.24618747246259856, 0.246283890701359, 0.24620354239610365, 0.24641244798974365, 0.24615533326008118, 0.2463160301047807, 0.24629996030585039, 0.24634816920193708, 0.2462999601871995, 0.24618747271055613, 0.24620354220777083, 0.2463160300403668, 0.24625175126106097, 0.24629996017893824, 0.2461553331271826, 0.24625175122490298, 0.2462356816267572, 0.24623568162951098, 0.24634816937925488]}